Top consultas,Cliques,Impressões,CTR,Posição
notifiquei,1392,2517,55.3%,1.21
portal notifiquei brasil,2,11,18.18%,1.36
notifiquei instagram,2,3,66.67%,1.33
sorteio de comentários instagram,2,3,66.67%,31
sorteio de comentários no instagram,1,7,14.29%,37
sorteio instagram comentários,1,2,50%,36.5
mande o link,1,1,100%,1
programa de afiliado,1,1,100%,7
como sortear comentários no instagram,0,48,0%,10.06
notifiquei significado,0,29,0%,10.28
como fazer sorteio de comentários no instagram,0,21,0%,11.38
notifiquei (notifiquei) latest,0,16,0%,15.88
notifi,0,14,0%,8.86
como fazer sorteio dos comentários do instagram,0,8,0%,10.75
notifique,0,8,0%,11.38
metrifiquei,0,8,0%,32.88
como sortear comentários do instagram,0,7,0%,9.29
como fazer sorteio de comentarios no instagram,0,7,0%,16.43
retifiquei,0,7,0%,46
como sortear comentario no instagram,0,6,0%,7.5
como fazer sorteio com os comentários do instagram,0,6,0%,10.17
automacao do instagram,0,6,0%,72.5
como fazer sorteio pelos comentários do instagram,0,5,0%,8.8
oii meta,0,5,0%,10
identifiquei,0,5,0%,38.2
como fazer sorteio por comentários no instagram,0,4,0%,9.25
impulsionei,0,4,0%,33.5
verifiquei,0,4,0%,39.75
certifiquei,0,4,0%,45.5
notifici,0,3,0%,2
finalizei,0,3,0%,25.67
visitei,0,3,0%,28
sorteio de comentários do instagram,0,3,0%,40
qualifiquei,0,3,0%,51.33
manifestei,0,3,0%,68
comprar comentarios automaticos instagram,0,3,0%,91.67
nortifi,0,2,0%,2
api shopee afiliado,0,2,0%,10.5
como fazer sorteio do instagram pelos comentários,0,2,0%,11
sorteio comentarios insta,0,2,0%,14
notivee,0,2,0%,29
turbinei,0,2,0%,31
sorteio de comentarios instagram,0,2,0%,32.5
pautei,0,2,0%,34
fiquei com,0,2,0%,35.5
sortear comentários instagram,0,2,0%,42.5
cooki,0,2,0%,44.5
sortear comentarios do instagram,0,2,0%,46.5
publiquei,0,2,0%,47.5
tracionei,0,2,0%,49.5
safei,0,2,0%,53
simplifiquei,0,2,0%,57
agitei,0,2,0%,81
experiencei,0,2,0%,84.5
bot seguidores instagram grátis,0,1,0%,1
qual o valor dele?,0,1,0%,1
quanto custa?,0,1,0%,1
é pago?,0,1,0%,2
notifiqueis,0,1,0%,4
quantos dias,0,1,0%,5
sorteio no instagram pelos comentários,0,1,0%,5
manychat,0,1,0%,8
quanto tempo pode demorar?,0,1,0%,8
instagram automação,0,1,0%,9
como fazer sorteio com comentários do instagram,0,1,0%,10
como fazer sorteio no instagram de comentários,0,1,0%,10
detectamos um lead instagram,0,1,0%,11
listei,0,1,0%,17
como fazer automação no instagram,0,1,0%,19
sortear comentario no instagram,0,1,0%,19
converter seguidores a clientes usando o instagram.,0,1,0%,22
influencimax,0,1,0%,30
agencias shopee,0,1,0%,31
sorteio de comentarios no instagram,0,1,0%,31
indentifiquei,0,1,0%,37
mensagem automática de boas-vindas no instagram,0,1,0%,37
sorteio de comentário no instagram,0,1,0%,37
comuniquei,0,1,0%,39
sortear comentário instagram,0,1,0%,39
"perder peso hotmart or kiwify or eduzz or monetizze or cakto or kirvano or 
lastlink or ticto or braip",0,1,0%,40
sortear comentario instagram,0,1,0%,40
contador de comentários instagram,0,1,0%,41
anotei,0,1,0%,42
automação de instagram,0,1,0%,43
sortear comentarios instagram,0,1,0%,43
favoritei,0,1,0%,44
utilizei,0,1,0%,44
instagram direct entrar,0,1,0%,46
sorteio instagram comentarios,0,1,0%,47
copyei,0,1,0%,48
indiquei,0,1,0%,48
informei,0,1,0%,48
sorteio comentário instagram,0,1,0%,49
enviei,0,1,0%,50
informai,0,1,0%,50
sorteio comentarios instagram,0,1,0%,50
sorteio comentários instagram,0,1,0%,51
sorteio instagram comentario,0,1,0%,52
opitei,0,1,0%,66
superdatai,0,1,0%,66
tributei,0,1,0%,66
botfai,0,1,0%,69
ultilizei,0,1,0%,70
visualizei,0,1,0%,73