Páginas principais,Cliques,Impressões,CTR,Posição
https://notifiquei.com.br/,1650,4037,40.87%,2.41
https://www.notifiquei.com.br/,119,712,16.71%,4.7
https://insta.notifiquei.com.br/,25,1094,2.29%,2.9
https://notifiquei.com.br/blog/sorteio-no-instagram-pelos-comentarios,17,1453,1.17%,8.99
https://notifiquei.com.br/criadores,9,1595,0.56%,1.88
https://notifiquei.com.br/afiliados,7,490,1.43%,3.12
https://notifiquei.com.br/vs-manychat,6,1192,0.5%,1.99
https://notifiquei.com.br/ferramentas,4,325,1.23%,1.78
https://notifiquei.com.br/termos-de-uso,3,1066,0.28%,1.73
https://notifiquei.com.br/politica-de-privacidade,3,830,0.36%,2.45
https://notifiquei.com.br/blog/automatizar-resposta-a-stories-no-instagram,3,315,0.95%,7.21
https://notifiquei.com.br/blog/integrar-notifiquei-com-checkout-kiwify-hotmart,3,71,4.23%,4.04
https://notifiquei.com.br/blog,2,1083,0.18%,1.91
https://notifiquei.com.br/category/institucional/,2,473,0.42%,3.19
https://notifiquei.com.br/blog/dm-para-quem-comentou-no-instagram,2,105,1.9%,5.83
https://notifiquei.com.br/blog/stories-com-interacao-e-dm-automatico,2,104,1.92%,3.1
https://notifiquei.com.br/en,2,69,2.9%,4.81
https://notifiquei.com.br/dpa,1,854,0.12%,1.93
https://notifiquei.com.br/blog/fluxo-de-boas-vindas-no-direct-do-instagram,1,190,0.53%,2.44
https://notifiquei.com.br/blog/gerenciar-instagram-de-clientes-com-times,1,47,2.13%,6.13
https://notifiquei.com.br/uncategorized/automacao-no-instagram-o-guia-definitivo-para-transformar-seguidores-emclientes/,1,45,2.22%,14.51
https://notifiquei.com.br/institucional/automacao-para-instagram-barato/,1,9,11.11%,6.22
https://notifiquei.com.br/blog/,0,380,0%,2.81
https://www.notifiquei.com.br/politica-de-privacidade,0,205,0%,3.02
https://app.notifiquei.com.br/auth?src=home,0,153,0%,2.42
https://notifiquei.com.br/politica-de-privacidade/,0,145,0%,3.45
https://notifiquei.com.br/category/uncategorized/,0,121,0%,1.9
https://notifiquei.com.br/lifetime/,0,113,0%,2.01
https://notifiquei.com.br/blog/follow-up-automatico-no-direct-do-instagram,0,109,0%,7.51
https://www.notifiquei.com.br/dpa,0,95,0%,4.37
https://notifiquei.com.br/blog/como-um-comentario-no-instagram-vira-venda,0,57,0%,8.09
https://notifiquei.com.br/blog/disparar-mensagem-na-live-do-instagram,0,56,0%,7.86
https://www.notifiquei.com.br/modelos,0,46,0%,1.57
https://notifiquei.com.br/blog/agente-de-ia-que-responde-dm-no-instagram,0,46,0%,5.07
https://notifiquei.com.br/blog/migrar-da-versao-antiga-do-notifiquei,0,39,0%,2.92
https://notifiquei.com.br/blog/instagram-com-e-sem-automacao-o-que-muda,0,32,0%,6.16
https://notifiquei.com.br/blog/transformar-seguidores-em-clientes-no-instagram,0,25,0%,4.32
https://notifiquei.com.br/blog/automacao-no-instagram-guia,0,25,0%,7.24
https://notifiquei.com.br/blog/caixa-de-entrada-unificada-do-instagram,0,25,0%,7.28
https://notifiquei.com.br/blog/limites-de-envio-da-api-do-instagram,0,24,0%,6.29
https://notifiquei.com.br/blog/como-vender-servicos-pelo-direct-do-instagram,0,18,0%,5.11
https://notifiquei.com.br/es,0,16,0%,7.69
https://notifiquei.com.br/blog/script-do-primeiro-dm-automatico-no-instagram,0,14,0%,6.86
https://notifiquei.com.br/blog/seguidores-que-curtem-mas-nao-compram,0,13,0%,6.54
https://notifiquei.com.br/en/dpa,0,13,0%,6.85
https://notifiquei.com.br/blog/quantas-vendas-voce-perde-demorando-responder-dm,0,12,0%,6.5
https://notifiquei.com.br/blog/palavras-chave-em-comentarios-para-acionar-automacao,0,12,0%,6.83
https://notifiquei.com.br/novidades,0,11,0%,2.64
https://notifiquei.com.br/blog/dm-automatico-parece-robo-como-evitar,0,11,0%,6.82
https://www.notifiquei.com.br/criadores,0,10,0%,1.7
https://notifiquei.com.br/teste-form/,0,10,0%,2.3
https://notifiquei.com.br/blog/quebra-gelos-no-direct-do-instagram,0,10,0%,14
https://www.notifiquei.com.br/novidades,0,9,0%,2.22
https://notifiquei.com.br/blog/profissoes-regulamentadas-automacao-instagram,0,8,0%,5.62
https://notifiquei.com.br/es/creadores,0,7,0%,7.43
https://notifiquei.com.br/ajuda,0,6,0%,3.67
https://notifiquei.com.br/author/notiqueiconteudo/,0,6,0%,6.33
https://notifiquei.com.br/blog/deteccao-de-intencao-de-compra-no-instagram,0,6,0%,15.83
https://notifiquei.com.br/es/dpa,0,5,0%,8.2
https://www.notifiquei.com.br/precos,0,4,0%,1.25
https://notifiquei.com.br/es/precios,0,4,0%,8
https://notifiquei.com.br/en/terms-of-use,0,4,0%,10
https://notifiquei.com.br/blog/responder-comentarios-do-instagram-automaticamente,0,3,0%,5.67
https://notifiquei.com.br/es/vs-manychat,0,3,0%,6
https://www.notifiquei.com.br/ajuda,0,1,0%,1