País,Cliques,Impressões,CTR,Posição
Brasil,1820,6931,26.26%,4.61
Portugal,17,83,20.48%,4.07
Estados Unidos,6,226,2.65%,7.1
Moçambique,2,14,14.29%,2.14
Indonésia,2,4,50%,2.75
Índia,1,9,11.11%,29.78
Paraguai,1,5,20%,5.8
Uruguai,1,4,25%,4.25
Peru,1,2,50%,1
Irlanda,1,1,100%,1
Canadá,0,17,0%,3.71
Angola,0,13,0%,3.38
México,0,7,0%,13.14
Argentina,0,5,0%,5.2
Espanha,0,5,0%,18
Reino Unido,0,5,0%,20.4
Filipinas,0,5,0%,34.2
China,0,4,0%,6.75
Bangladesh,0,4,0%,8
Colômbia,0,3,0%,1
Venezuela,0,3,0%,1.33
Singapura,0,3,0%,4.33
Polônia,0,3,0%,7.33
Suécia,0,3,0%,11
Hong Kong,0,3,0%,53.33
Chile,0,2,0%,1
Alemanha,0,2,0%,1
Países Baixos,0,2,0%,1.5
Itália,0,2,0%,2.5
Japão,0,2,0%,8
Iraque,0,1,0%,1
Romênia,0,1,0%,1
Uganda,0,1,0%,1
República Dominicana,0,1,0%,2
Jordânia,0,1,0%,2
Malásia,0,1,0%,2
Tailândia,0,1,0%,3
Dinamarca,0,1,0%,4
França,0,1,0%,4
Coréia do Sul,0,1,0%,6
Taiwan,0,1,0%,6
Áustria,0,1,0%,7
Bielorrússia,0,1,0%,7
Etiópia,0,1,0%,8
Líbano,0,1,0%,10
Austrália,0,1,0%,11
Congo-Kinshasa,0,1,0%,13
República Tcheca,0,1,0%,16
Equador,0,1,0%,18
Turquia,0,1,0%,19
Quênia,0,1,0%,40